WAP001,WAP002,WAP003,WAP004,WAP005,WAP006,WAP007,WAP008,WAP009,WAP010,X,Y,source
-101,-97,-74,-99,-94,-98,-96,-78,-92,-88,1,1,real
-101,-97,-74,-97,-98,-94,-96,-78,-89,-90,1,1,real
-98,-101,-75,-96,-96,-98,-96,-76,-93,-89,1,1,real
-99,-95,-72,-100,-96,-99,-97,-74,-88,-86,1,1,real
-100,-98,-72,-94,-98,-98,-98,-78,-89,-85,1,1,real
-99,-95,-72,-98,-96,-95,-96,-73,-96,-86,1,1,real
-98,-98,-72,-100,-97,-97,-93,-77,-92,-89,1,1,real
-97,-97,-74,-95,-97,-96,-97,-76,-91,-91,1,1,real
-98,-97,-72,-97,-100,-99,-97,-77,-91,-87,1,1,real
-95,-97,-72,-96,-101,-98,-96,-71,-91,-87,1,1,real
-98,-98,-65,-95,-94,-100,-91,-74,-88,-81,3,1,real
-100,-97,-67,-97,-99,-98,-96,-70,-91,-82,3,1,real
-100,-97,-66,-99,-96,-95,-97,-71,-89,-84,3,1,real
-101,-99,-67,-96,-95,-97,-96,-71,-89,-87,3,1,real
-94,-95,-70,-95,-98,-97,-92,-73,-87,-84,3,1,real
-96,-92,-68,-98,-98,-100,-94,-71,-89,-84,3,1,real
-98,-93,-68,-91,-95,-100,-96,-70,-90,-84,3,1,real
-97,-96,-69,-99,-97,-96,-94,-74,-89,-84,3,1,real
-100,-96,-68,-99,-95,-97,-92,-69,-92,-87,3,1,real
-97,-95,-67,-89,-95,-96,-92,-70,-90,-84,3,1,real
-99,-95,-73,-96,-90,-102,-91,-76,-90,-80,5,1,real
-98,-97,-73,-95,-96,-98,-92,-74,-84,-81,5,1,real
-102,-94,-73,-95,-97,-99,-91,-71,-91,-83,5,1,real
-99,-96,-68,-96,-98,-97,-88,-70,-92,-83,5,1,real
-95,-96,-71,-95,-97,-98,-99,-75,-89,-85,5,1,real
-95,-98,-73,-96,-92,-101,-90,-72,-91,-81,5,1,real
-97,-96,-72,-97,-95,-97,-89,-75,-85,-86,5,1,real
-98,-94,-71,-98,-95,-99,-93,-71,-88,-84,5,1,real
-96,-94,-70,-95,-97,-100,-91,-71,-89,-82,5,1,real
-95,-96,-71,-97,-95,-96,-90,-71,-86,-82,5,1,real
-96,-94,-77,-97,-94,-98,-91,-73,-91,-82,7,1,real
-95,-92,-77,-96,-94,-101,-90,-79,-87,-80,7,1,real
-99,-94,-77,-98,-96,-98,-89,-79,-90,-79,7,1,real
-101,-96,-79,-98,-94,-96,-88,-78,-89,-82,7,1,real
-98,-94,-77,-99,-93,-96,-90,-77,-87,-81,7,1,real
-97,-93,-78,-99,-94,-98,-87,-76,-84,-81,7,1,real
-96,-93,-74,-99,-96,-100,-94,-79,-90,-80,7,1,real
-97,-90,-76,-98,-96,-98,-92,-74,-86,-81,7,1,real
-101,-91,-78,-95,-97,-100,-90,-77,-90,-79,7,1,real
-100,-94,-78,-96,-93,-101,-93,-75,-88,-81,7,1,real
-95,-92,-80,-98,-89,-96,-87,-80,-88,-76,9,1,real
-100,-91,-81,-101,-96,-103,-87,-81,-86,-79,9,1,real
-94,-95,-86,-98,-93,-99,-91,-82,-92,-78,9,1,real
-97,-94,-84,-100,-94,-97,-89,-81,-90,-81,9,1,real
-98,-94,-84,-100,-90,-99,-88,-82,-90,-80,9,1,real
-96,-91,-84,-99,-94,-104,-90,-79,-86,-80,9,1,real
-97,-92,-77,-95,-94,-101,-90,-82,-91,-82,9,1,real
-99,-95,-79,-96,-94,-96,-87,-84,-86,-78,9,1,real
-100,-93,-85,-100,-92,-96,-90,-81,-91,-80,9,1,real
-99,-94,-83,-99,-93,-99,-87,-84,-90,-78,9,1,real
-97,-93,-86,-97,-97,-99,-85,-85,-92,-84,11,1,real
-101,-91,-86,-100,-92,-103,-84,-88,-92,-81,11,1,real
-100,-92,-85,-100,-92,-102,-82,-83,-95,-82,11,1,real
-97,-92,-86,-100,-93,-100,-81,-85,-90,-82,11,1,real
-99,-92,-86,-99,-93,-96,-82,-87,-88,-82,11,1,real
-102,-93,-90,-99,-93,-97,-83,-86,-89,-85,11,1,real
-97,-90,-90,-96,-93,-101,-82,-81,-90,-80,11,1,real
-99,-93,-85,-100,-93,-101,-82,-85,-88,-82,11,1,real
-98,-93,-87,-98,-92,-102,-82,-83,-90,-77,11,1,real
-99,-94,-90,-95,-92,-100,-83,-88,-85,-80,11,1,real
-98,-89,-89,-99,-95,-100,-76,-86,-88,-84,13,1,real
-100,-91,-89,-97,-97,-98,-80,-90,-94,-87,13,1,real
-97,-91,-92,-102,-94,-97,-80,-92,-92,-84,13,1,real
-104,-91,-90,-98,-90,-98,-80,-91,-87,-83,13,1,real
-98,-91,-89,-100,-94,-102,-79,-90,-93,-83,13,1,real
-99,-88,-95,-97,-91,-105,-80,-90,-94,-85,13,1,real
-101,-87,-88,-97,-92,-103,-80,-88,-94,-82,13,1,real
-99,-92,-88,-98,-94,-98,-82,-88,-90,-84,13,1,real
-98,-93,-88,-100,-94,-99,-81,-92,-95,-82,13,1,real
-101,-87,-94,-96,-93,-101,-80,-88,-92,-81,13,1,real
-99,-90,-93,-100,-93,-105,-78,-90,-93,-87,15,1,real
-99,-90,-93,-102,-93,-103,-74,-95,-91,-85,15,1,real
-98,-89,-89,-98,-97,-104,-76,-92,-92,-88,15,1,real
-98,-92,-93,-103,-95,-104,-77,-89,-95,-81,15,1,real
-98,-90,-94,-99,-95,-101,-70,-92,-91,-88,15,1,real
-99,-87,-93,-96,-92,-103,-74,-90,-92,-89,15,1,real
-100,-91,-92,-99,-93,-104,-74,-90,-92,-84,15,1,real
-97,-90,-92,-103,-93,-101,-75,-94,-95,-84,15,1,real
-99,-89,-92,-100,-92,-102,-75,-92,-94,-87,15,1,real
-98,-92,-90,-102,-94,-102,-72,-91,-91,-89,15,1,real
-99,-89,-94,-99,-95,-99,-69,-94,-95,-86,17,1,real
-96,-92,-95,-101,-97,-104,-76,-95,-95,-88,17,1,real
-96,-93,-92,-101,-94,-101,-76,-93,-94,-88,17,1,real
-99,-86,-95,-102,-95,-103,-75,-91,-92,-90,17,1,real
-101,-90,-95,-100,-94,-105,-71,-90,-96,-90,17,1,real
-99,-90,-93,-97,-95,-104,-76,-95,-95,-85,17,1,real
-100,-91,-94,-99,-89,-103,-75,-92,-93,-85,17,1,real
-98,-92,-93,-99,-93,-101,-72,-91,-92,-88,17,1,real
-100,-91,-92,-103,-93,-103,-74,-91,-94,-89,17,1,real
-102,-90,-93,-97,-95,-102,-73,-91,-95,-88,17,1,real
-99,-91,-97,-101,-93,-105,-76,-97,-94,-94,19,1,real
-101,-91,-93,-102,-96,-99,-79,-100,-95,-92,19,1,real
-102,-90,-96,-103,-98,-101,-75,-96,-92,-93,19,1,real
-103,-93,-96,-101,-95,-102,-79,-93,-96,-89,19,1,real
-99,-91,-95,-101,-94,-100,-76,-94,-96,-88,19,1,real
-101,-88,-96,-105,-95,-104,-75,-97,-97,-95,19,1,real
-101,-97,-99,-100,-93,-102,-79,-96,-96,-94,19,1,real
-97,-90,-96,-102,-95,-107,-77,-97,-98,-92,19,1,real
-96,-90,-97,-101,-92,-101,-76,-97,-95,-90,19,1,real
-98,-90,-94,-103,-92,-102,-72,-97,-93,-91,19,1,real
-98,-97,-68,-94,-95,-97,-96,-67,-85,-86,1,3,real
-97,-96,-66,-96,-96,-100,-95,-70,-89,-83,1,3,real
-100,-99,-67,-92,-92,-97,-94,-71,-88,-85,1,3,real
-96,-99,-65,-92,-97,-96,-95,-71,-89,-88,1,3,real
-97,-94,-67,-95,-94,-102,-93,-75,-89,-89,1,3,real
-100,-94,-69,-94,-96,-95,-96,-74,-86,-88,1,3,real
-100,-97,-65,-93,-96,-97,-96,-67,-87,-86,1,3,real
-95,-96,-68,-95,-96,-96,-94,-71,-87,-87,1,3,real
-97,-100,-66,-94,-94,-102,-92,-71,-86,-89,1,3,real
-96,-98,-69,-91,-96,-96,-94,-70,-88,-86,1,3,real
-92,-95,-57,-92,-92,-94,-93,-59,-83,-85,3,3,real
-96,-96,-57,-94,-94,-96,-91,-56,-87,-81,3,3,real
-94,-97,-56,-93,-95,-94,-94,-57,-87,-83,3,3,real
-99,-98,-54,-96,-96,-101,-95,-60,-83,-81,3,3,real
-98,-90,-55,-95,-99,-92,-97,-60,-84,-78,3,3,real
-94,-94,-56,-93,-93,-96,-94,-57,-88,-83,3,3,real
-100,-95,-59,-97,-94,-94,-92,-60,-88,-81,3,3,real
-99,-95,-56,-96,-94,-99,-95,-56,-90,-82,3,3,real
-97,-94,-57,-92,-94,-97,-94,-56,-86,-83,3,3,real
-98,-96,-60,-91,-97,-98,-95,-55,-87,-80,3,3,real
-98,-93,-68,-91,-96,-96,-90,-62,-86,-79,5,3,real
-96,-94,-64,-91,-94,-100,-92,-58,-87,-75,5,3,real
-93,-94,-65,-92,-94,-97,-93,-65,-87,-81,5,3,real
-96,-95,-66,-98,-93,-95,-96,-62,-83,-81,5,3,real
-93,-92,-67,-95,-92,-97,-91,-65,-85,-81,5,3,real
-96,-95,-67,-92,-91,-96,-94,-64,-83,-78,5,3,real
-92,-92,-66,-96,-93,-97,-90,-61,-87,-81,5,3,real
-100,-92,-68,-99,-93,-92,-92,-61,-85,-79,5,3,real
-94,-94,-65,-94,-95,-95,-92,-64,-84,-80,5,3,real
-96,-93,-64,-94,-93,-95,-89,-62,-85,-81,5,3,real
-98,-92,-77,-96,-92,-96,-89,-73,-85,-78,7,3,real
-98,-92,-79,-94,-89,-95,-89,-71,-85,-74,7,3,real
-97,-92,-77,-95,-92,-97,-88,-72,-84,-77,7,3,real
-101,-90,-79,-96,-95,-101,-88,-73,-87,-79,7,3,real
-97,-91,-79,-95,-92,-96,-89,-76,-83,-74,7,3,real
-96,-94,-77,-97,-93,-94,-92,-78,-83,-74,7,3,real
-97,-90,-77,-92,-91,-98,-85,-76,-84,-73,7,3,real
-93,-89,-76,-97,-91,-99,-85,-74,-86,-73,7,3,real
-99,-94,-74,-97,-94,-96,-87,-73,-83,-75,7,3,real
-99,-89,-77,-96,-90,-96,-88,-70,-87,-72,7,3,real
-96,-90,-79,-95,-90,-96,-87,-82,-88,-76,9,3,real
-92,-92,-82,-97,-91,-96,-84,-82,-87,-71,9,3,real
-97,-87,-81,-95,-90,-96,-85,-83,-86,-73,9,3,real
-97,-89,-79,-96,-91,-95,-85,-76,-85,-75,9,3,real
-95,-89,-79,-95,-92,-100,-86,-82,-88,-71,9,3,real
-93,-89,-84,-95,-89,-99,-86,-81,-88,-70,9,3,real
-96,-89,-84,-97,-90,-99,-82,-82,-86,-70,9,3,real
-99,-94,-85,-94,-93,-93,-87,-80,-83,-68,9,3,real
-92,-88,-80,-95,-90,-99,-87,-81,-87,-73,9,3,real
-95,-88,-82,-93,-94,-98,-87,-85,-87,-72,9,3,real
-93,-88,-88,-93,-89,-98,-82,-87,-89,-73,11,3,real
-93,-86,-87,-99,-91,-102,-81,-85,-89,-79,11,3,real
-95,-90,-88,-103,-91,-95,-78,-86,-89,-74,11,3,real
-98,-88,-85,-95,-91,-99,-83,-87,-88,-75,11,3,real
-95,-91,-83,-98,-91,-100,-87,-83,-86,-76,11,3,real
-96,-88,-89,-98,-89,-101,-81,-88,-87,-75,11,3,real
-100,-87,-88,-99,-91,-96,-84,-85,-87,-74,11,3,real
-96,-90,-88,-97,-93,-105,-81,-83,-93,-77,11,3,real
-95,-85,-86,-99,-91,-96,-83,-87,-89,-77,11,3,real
-96,-86,-85,-98,-92,-102,-80,-85,-88,-69,11,3,real
-96,-90,-90,-96,-91,-102,-74,-90,-86,-78,13,3,real
-98,-86,-89,-96,-90,-101,-77,-86,-90,-81,13,3,real
-99,-87,-85,-100,-91,-97,-76,-88,-92,-79,13,3,real
-97,-86,-87,-93,-90,-99,-76,-89,-89,-81,13,3,real
-96,-85,-91,-96,-88,-100,-80,-90,-87,-80,13,3,real
-99,-89,-88,-97,-91,-100,-77,-90,-86,-81,13,3,real
-94,-85,-87,-99,-90,-100,-78,-88,-92,-78,13,3,real
-98,-88,-89,-99,-90,-101,-74,-91,-89,-76,13,3,real
-99,-89,-88,-98,-90,-99,-75,-86,-89,-81,13,3,real
-95,-84,-90,-100,-89,-100,-80,-87,-91,-80,13,3,real
-97,-88,-90,-100,-90,-101,-66,-90,-93,-82,15,3,real
-98,-86,-91,-95,-92,-101,-67,-92,-90,-88,15,3,real
-100,-90,-90,-96,-92,-101,-67,-89,-93,-84,15,3,real
-95,-87,-91,-97,-97,-99,-69,-95,-91,-82,15,3,real
-98,-86,-89,-96,-88,-99,-67,-94,-92,-86,15,3,real
-93,-88,-92,-98,-91,-97,-69,-91,-93,-87,15,3,real
-99,-88,-93,-100,-94,-101,-70,-90,-91,-87,15,3,real
-98,-89,-91,-96,-95,-100,-68,-90,-91,-86,15,3,real
-98,-89,-90,-99,-88,-101,-69,-94,-95,-87,15,3,real
-97,-87,-95,-97,-92,-100,-64,-89,-92,-86,15,3,real
-102,-90,-94,-102,-92,-101,-61,-95,-93,-87,17,3,real
-100,-86,-94,-100,-91,-101,-59,-93,-95,-87,17,3,real
-100,-88,-94,-100,-92,-105,-62,-93,-93,-90,17,3,real
-96,-90,-92,-99,-94,-98,-63,-92,-91,-89,17,3,real
-95,-89,-93,-100,-92,-100,-59,-97,-91,-91,17,3,real
-96,-86,-96,-101,-94,-102,-61,-92,-91,-85,17,3,real
-99,-89,-97,-102,-90,-98,-63,-95,-93,-87,17,3,real
-100,-88,-95,-100,-91,-101,-62,-94,-94,-88,17,3,real
-99,-85,-93,-101,-91,-102,-58,-93,-94,-87,17,3,real
-101,-91,-96,-100,-89,-97,-59,-92,-97,-89,17,3,real
-101,-91,-96,-102,-97,-101,-73,-95,-91,-92,19,3,real
-104,-90,-94,-97,-96,-101,-72,-96,-90,-93,19,3,real
-98,-88,-94,-101,-93,-103,-70,-96,-94,-91,19,3,real
-98,-89,-94,-101,-97,-100,-73,-97,-96,-88,19,3,real
-103,-83,-94,-101,-93,-102,-70,-94,-94,-90,19,3,real
-99,-90,-96,-99,-92,-108,-70,-95,-95,-91,19,3,real
-97,-87,-97,-100,-95,-105,-72,-94,-93,-89,19,3,real
-97,-88,-97,-100,-92,-101,-68,-94,-94,-88,19,3,real
-99,-91,-96,-103,-95,-102,-72,-96,-99,-90,19,3,real
-99,-91,-95,-99,-96,-104,-72,-97,-93,-91,19,3,real
-96,-99,-70,-95,-94,-94,-93,-75,-91,-85,1,5,real
-92,-93,-71,-93,-93,-96,-95,-71,-83,-80,1,5,real
-95,-96,-72,-96,-96,-95,-97,-72,-87,-83,1,5,real
-96,-95,-72,-92,-93,-96,-97,-73,-88,-87,1,5,real
-96,-94,-71,-92,-93,-95,-95,-73,-85,-87,1,5,real
-100,-96,-69,-90,-93,-92,-96,-72,-87,-86,1,5,real
-94,-93,-72,-93,-94,-93,-99,-77,-86,-88,1,5,real
-97,-96,-73,-89,-94,-94,-94,-75,-83,-86,1,5,real
-94,-98,-75,-91,-94,-96,-97,-70,-88,-82,1,5,real
-97,-94,-72,-91,-96,-95,-96,-74,-84,-87,1,5,real
-95,-96,-71,-93,-88,-93,-94,-63,-83,-80,3,5,real
-97,-91,-65,-91,-92,-95,-92,-61,-84,-83,3,5,real
-95,-91,-68,-95,-93,-95,-93,-62,-83,-79,3,5,real
-98,-95,-66,-96,-93,-91,-94,-62,-85,-83,3,5,real
-96,-94,-63,-91,-95,-94,-93,-60,-80,-84,3,5,real
-96,-96,-66,-92,-91,-95,-94,-62,-85,-77,3,5,real
-98,-93,-62,-92,-93,-95,-94,-60,-87,-78,3,5,real
-98,-94,-67,-91,-96,-94,-90,-65,-83,-83,3,5,real
-94,-94,-67,-92,-89,-95,-92,-65,-85,-81,3,5,real
-92,-93,-67,-92,-95,-94,-92,-63,-84,-81,3,5,real
-95,-92,-67,-93,-92,-96,-90,-67,-83,-73,5,5,real
-92,-93,-75,-91,-93,-94,-96,-64,-84,-74,5,5,real
-94,-94,-72,-92,-91,-94,-88,-69,-78,-75,5,5,real
-96,-95,-71,-91,-92,-92,-94,-66,-84,-75,5,5,real
-93,-93,-76,-93,-91,-94,-89,-68,-80,-73,5,5,real
-98,-91,-72,-93,-91,-96,-93,-66,-83,-78,5,5,real
-93,-94,-69,-92,-95,-97,-89,-68,-82,-75,5,5,real
-93,-92,-72,-90,-88,-93,-91,-68,-83,-75,5,5,real
-94,-89,-70,-96,-89,-97,-92,-66,-77,-69,5,5,real
-93,-92,-70,-91,-92,-92,-91,-65,-80,-75,5,5,real
-92,-91,-79,-96,-89,-94,-88,-72,-81,-64,7,5,real
-96,-91,-76,-92,-91,-96,-92,-76,-79,-64,7,5,real
-93,-90,-78,-95,-89,-95,-88,-76,-86,-63,7,5,real
-95,-92,-76,-95,-88,-95,-88,-78,-79,-65,7,5,real
-95,-90,-81,-93,-92,-99,-92,-73,-82,-63,7,5,real
-95,-93,-80,-91,-90,-97,-89,-74,-79,-63,7,5,real
-95,-93,-78,-93,-92,-98,-88,-75,-81,-67,7,5,real
-95,-92,-76,-92,-94,-98,-92,-76,-81,-69,7,5,real
-96,-92,-77,-94,-91,-95,-90,-76,-78,-63,7,5,real
-97,-88,-76,-96,-88,-93,-91,-77,-79,-65,7,5,real
-93,-87,-82,-97,-87,-94,-86,-81,-86,-56,9,5,real
-93,-88,-80,-95,-88,-99,-86,-81,-82,-58,9,5,real
-94,-86,-84,-98,-85,-94,-88,-80,-84,-57,9,5,real
-94,-88,-84,-96,-91,-98,-86,-83,-81,-54,9,5,real
-95,-87,-82,-94,-89,-95,-85,-84,-81,-55,9,5,real
-96,-88,-81,-95,-87,-92,-87,-84,-82,-56,9,5,real
-95,-85,-85,-93,-90,-93,-82,-83,-84,-55,9,5,real
-95,-88,-83,-99,-89,-98,-87,-78,-85,-55,9,5,real
-95,-88,-81,-94,-88,-95,-86,-82,-85,-59,9,5,real
-88,-85,-85,-97,-88,-96,-85,-82,-83,-56,9,5,real
-94,-90,-87,-97,-88,-92,-81,-86,-83,-69,11,5,real
-94,-85,-82,-98,-87,-99,-80,-87,-86,-71,11,5,real
-93,-84,-89,-96,-90,-100,-82,-86,-80,-69,11,5,real
-97,-87,-84,-92,-91,-101,-78,-85,-87,-69,11,5,real
-100,-86,-86,-94,-90,-97,-83,-85,-87,-71,11,5,real
-97,-85,-85,-96,-88,-100,-82,-85,-80,-72,11,5,real
-92,-84,-86,-92,-88,-97,-82,-83,-83,-71,11,5,real
-97,-86,-88,-96,-86,-98,-82,-85,-83,-74,11,5,real
-96,-86,-84,-97,-92,-96,-83,-88,-86,-70,11,5,real
-96,-90,-85,-93,-87,-100,-82,-85,-84,-69,11,5,real
-97,-85,-89,-94,-87,-97,-75,-86,-87,-80,13,5,real
-92,-83,-90,-98,-88,-98,-75,-88,-84,-76,13,5,real
-95,-83,-92,-96,-85,-99,-77,-90,-90,-80,13,5,real
-96,-88,-89,-95,-90,-95,-75,-87,-89,-76,13,5,real
-97,-83,-89,-96,-91,-100,-74,-91,-87,-81,13,5,real
-93,-87,-88,-96,-90,-97,-75,-90,-90,-82,13,5,real
-94,-88,-89,-97,-87,-99,-76,-87,-87,-77,13,5,real
-94,-88,-88,-96,-90,-99,-76,-89,-87,-75,13,5,real
-93,-87,-88,-94,-87,-96,-72,-87,-87,-76,13,5,real
-95,-85,-90,-94,-90,-95,-75,-91,-87,-82,13,5,real
-95,-83,-93,-98,-85,-100,-68,-88,-86,-83,15,5,real
-94,-82,-93,-99,-86,-96,-64,-93,-86,-84,15,5,real
-97,-84,-89,-96,-88,-99,-65,-90,-95,-84,15,5,real
-95,-87,-91,-98,-85,-96,-66,-92,-90,-84,15,5,real
-96,-86,-94,-97,-88,-101,-64,-93,-90,-82,15,5,real
-96,-83,-93,-98,-89,-101,-66,-94,-91,-84,15,5,real
-96,-85,-92,-97,-87,-101,-68,-93,-91,-84,15,5,real
-97,-87,-93,-98,-88,-101,-66,-93,-90,-85,15,5,real
-95,-88,-93,-97,-89,-94,-65,-93,-90,-87,15,5,real
-96,-86,-90,-99,-89,-101,-62,-92,-86,-82,15,5,real
-96,-84,-93,-103,-91,-99,-57,-96,-92,-84,17,5,real
-94,-85,-92,-100,-93,-102,-54,-94,-93,-88,17,5,real
-93,-82,-90,-99,-89,-103,-54,-96,-92,-89,17,5,real
-98,-87,-95,-100,-91,-99,-59,-93,-90,-88,17,5,real
-98,-86,-92,-99,-91,-99,-59,-92,-91,-88,17,5,real
-98,-87,-93,-97,-91,-100,-61,-95,-92,-89,17,5,real
-99,-86,-94,-100,-94,-105,-58,-93,-98,-88,17,5,real
-98,-82,-95,-98,-90,-105,-56,-93,-91,-79,17,5,real
-101,-82,-95,-99,-90,-101,-58,-93,-95,-85,17,5,real
-98,-87,-95,-97,-91,-100,-59,-92,-91,-83,17,5,real
-98,-85,-96,-98,-93,-100,-70,-96,-94,-89,19,5,real
-98,-86,-93,-98,-90,-102,-72,-94,-92,-87,19,5,real
-99,-87,-99,-101,-89,-102,-69,-96,-94,-92,19,5,real
-98,-93,-96,-104,-89,-100,-69,-92,-96,-86,19,5,real
-96,-87,-94,-102,-93,-103,-71,-98,-92,-90,19,5,real
-97,-88,-100,-100,-95,-102,-73,-92,-92,-90,19,5,real
-95,-88,-95,-100,-91,-99,-68,-95,-97,-92,19,5,real
-98,-86,-98,-95,-88,-100,-70,-96,-96,-90,19,5,real
-97,-89,-95,-101,-95,-103,-71,-92,-93,-93,19,5,real
-97,-90,-94,-101,-92,-99,-72,-98,-95,-88,19,5,real
-97,-100,-79,-89,-91,-93,-97,-75,-86,-87,1,7,real
-93,-94,-79,-90,-98,-94,-95,-79,-83,-85,1,7,real
-94,-94,-80,-90,-92,-92,-97,-77,-81,-90,1,7,real
-91,-95,-77,-87,-96,-94,-96,-79,-79,-88,1,7,real
-95,-94,-80,-91,-93,-93,-96,-78,-86,-85,1,7,real
-90,-95,-78,-88,-96,-89,-95,-74,-84,-82,1,7,real
-92,-94,-77,-90,-91,-92,-100,-80,-83,-85,1,7,real
-94,-92,-82,-90,-97,-91,-96,-77,-84,-83,1,7,real
-92,-93,-78,-89,-95,-91,-93,-75,-84,-85,1,7,real
-96,-93,-77,-94,-96,-93,-97,-80,-82,-85,1,7,real
-93,-94,-74,-87,-92,-94,-93,-75,-79,-80,3,7,real
-97,-90,-76,-91,-92,-93,-98,-71,-79,-81,3,7,real
-91,-95,-75,-91,-90,-97,-94,-75,-78,-81,3,7,real
-94,-94,-76,-92,-90,-93,-100,-75,-81,-85,3,7,real
-95,-92,-73,-89,-93,-92,-95,-76,-81,-85,3,7,real
-94,-92,-76,-91,-93,-92,-97,-73,-81,-83,3,7,real
-96,-94,-74,-89,-89,-92,-96,-75,-80,-79,3,7,real
-95,-91,-74,-86,-92,-91,-89,-75,-82,-85,3,7,real
-91,-96,-77,-89,-91,-92,-94,-72,-81,-83,3,7,real
-94,-91,-74,-89,-89,-95,-91,-71,-77,-78,3,7,real
-96,-92,-79,-89,-92,-92,-89,-74,-75,-78,5,7,real
-94,-88,-76,-91,-90,-97,-94,-71,-78,-76,5,7,real
-90,-93,-77,-89,-89,-88,-95,-73,-76,-74,5,7,real
-91,-92,-77,-94,-88,-93,-91,-73,-75,-76,5,7,real
-94,-92,-75,-88,-90,-93,-94,-73,-74,-72,5,7,real
-94,-91,-77,-89,-90,-95,-90,-74,-77,-73,5,7,real
-90,-90,-77,-90,-91,-93,-96,-73,-78,-73,5,7,real
-93,-91,-79,-91,-87,-98,-89,-74,-78,-78,5,7,real
-89,-92,-80,-88,-89,-95,-91,-77,-73,-74,5,7,real
-91,-90,-74,-91,-92,-92,-88,-77,-76,-75,5,7,real
-92,-90,-79,-87,-87,-96,-93,-78,-73,-66,7,7,real
-92,-89,-83,-90,-86,-97,-86,-78,-72,-70,7,7,real
-95,-88,-80,-88,-86,-95,-92,-76,-77,-64,7,7,real
-93,-85,-80,-92,-89,-95,-89,-79,-76,-67,7,7,real
-92,-92,-80,-94,-90,-98,-93,-82,-77,-63,7,7,real
-93,-88,-80,-92,-88,-97,-87,-75,-78,-69,7,7,real
-93,-90,-80,-93,-83,-92,-89,-77,-73,-68,7,7,real
-94,-88,-79,-92,-91,-96,-90,-79,-71,-70,7,7,real
-91,-85,-76,-93,-87,-93,-89,-79,-74,-72,7,7,real
-91,-88,-81,-88,-89,-95,-85,-81,-76,-67,7,7,real
-90,-85,-87,-94,-87,-95,-86,-82,-82,-58,9,7,real
-92,-83,-84,-91,-85,-92,-85,-83,-74,-58,9,7,real
-91,-88,-87,-92,-86,-96,-86,-80,-77,-62,9,7,real
-92,-87,-85,-94,-87,-98,-87,-84,-84,-56,9,7,real
-90,-86,-84,-95,-82,-91,-86,-81,-78,-63,9,7,real
-93,-85,-85,-93,-86,-95,-86,-85,-80,-63,9,7,real
-90,-90,-82,-90,-86,-100,-87,-83,-80,-61,9,7,real
-89,-84,-86,-96,-87,-96,-86,-84,-77,-56,9,7,real
-90,-86,-85,-94,-84,-96,-86,-83,-79,-63,9,7,real
-91,-86,-83,-94,-83,-97,-83,-86,-77,-59,9,7,real
-94,-82,-85,-99,-84,-101,-85,-83,-83,-73,11,7,real
-93,-78,-91,-96,-82,-93,-83,-89,-78,-68,11,7,real
-91,-84,-88,-95,-84,-93,-81,-89,-80,-70,11,7,real
-91,-80,-90,-94,-86,-99,-82,-81,-86,-71,11,7,real
-91,-82,-88,-97,-84,-98,-87,-84,-80,-71,11,7,real
-92,-80,-87,-93,-85,-94,-82,-86,-85,-70,11,7,real
-94,-84,-89,-97,-81,-94,-79,-89,-82,-73,11,7,real
-94,-84,-85,-95,-83,-95,-78,-89,-80,-68,11,7,real
-94,-81,-87,-95,-87,-98,-79,-86,-81,-72,11,7,real
-94,-80,-90,-95,-85,-96,-83,-86,-81,-69,11,7,real
-95,-81,-88,-94,-88,-97,-82,-89,-82,-80,13,7,real
-95,-79,-93,-97,-84,-99,-79,-88,-85,-78,13,7,real
-94,-80,-90,-95,-86,-98,-80,-89,-87,-80,13,7,real
-93,-80,-89,-97,-84,-96,-78,-91,-86,-78,13,7,real
-93,-85,-90,-91,-86,-99,-78,-89,-83,-81,13,7,real
-92,-79,-91,-95,-83,-96,-81,-88,-86,-78,13,7,real
-93,-81,-88,-96,-87,-98,-78,-87,-85,-80,13,7,real
-88,-80,-88,-96,-84,-96,-76,-87,-84,-79,13,7,real
-94,-80,-88,-96,-83,-94,-80,-91,-86,-78,13,7,real
-94,-78,-89,-96,-88,-100,-78,-94,-84,-79,13,7,real
-88,-75,-93,-97,-84,-95,-77,-95,-90,-82,15,7,real
-93,-78,-95,-102,-84,-100,-77,-91,-87,-84,15,7,real
-95,-80,-93,-100,-87,-97,-73,-91,-91,-84,15,7,real
-99,-79,-90,-100,-87,-98,-71,-93,-90,-87,15,7,real
-94,-76,-92,-97,-85,-99,-75,-90,-88,-83,15,7,real
-96,-77,-91,-98,-84,-100,-75,-93,-92,-82,15,7,real
-98,-82,-97,-97,-86,-99,-76,-94,-88,-84,15,7,real
-94,-81,-92,-94,-85,-99,-73,-92,-89,-84,15,7,real
-95,-79,-95,-99,-89,-102,-76,-91,-91,-82,15,7,real
-94,-84,-91,-95,-88,-98,-75,-92,-91,-87,15,7,real
-96,-81,-95,-101,-88,-99,-72,-94,-93,-85,17,7,real
-98,-80,-92,-97,-88,-101,-69,-97,-93,-88,17,7,real
-93,-80,-96,-99,-89,-101,-69,-97,-88,-85,17,7,real
-93,-82,-95,-101,-89,-99,-69,-96,-92,-87,17,7,real
-98,-80,-96,-99,-88,-101,-71,-94,-92,-88,17,7,real
-95,-78,-94,-96,-90,-99,-74,-97,-93,-85,17,7,real
-93,-81,-98,-99,-87,-99,-75,-96,-91,-86,17,7,real
-100,-81,-94,-97,-86,-98,-73,-98,-92,-85,17,7,real
-93,-80,-94,-98,-89,-100,-68,-96,-88,-88,17,7,real
-93,-84,-93,-100,-90,-99,-69,-96,-94,-87,17,7,real
-97,-83,-94,-100,-86,-100,-76,-99,-94,-91,19,7,real
-95,-83,-99,-99,-88,-98,-73,-94,-93,-89,19,7,real
-94,-86,-97,-101,-89,-98,-76,-101,-94,-88,19,7,real
-95,-83,-97,-102,-88,-102,-71,-95,-95,-91,19,7,real
-97,-84,-94,-99,-91,-97,-75,-94,-95,-89,19,7,real
-96,-87,-92,-97,-90,-103,-74,-96,-93,-90,19,7,real
-96,-81,-95,-102,-87,-97,-69,-98,-93,-94,19,7,real
-95,-85,-92,-101,-93,-102,-79,-94,-98,-90,19,7,real
-101,-84,-93,-99,-91,-101,-75,-95,-96,-89,19,7,real
-102,-85,-97,-98,-89,-103,-77,-95,-94,-91,19,7,real
-93,-93,-84,-87,-88,-93,-100,-81,-82,-87,1,9,real
-93,-95,-80,-85,-90,-93,-99,-88,-82,-85,1,9,real
-91,-95,-83,-88,-92,-88,-100,-82,-79,-88,1,9,real
-90,-88,-83,-86,-94,-90,-95,-82,-83,-86,1,9,real
-89,-93,-81,-87,-91,-89,-98,-81,-82,-88,1,9,real
-92,-93,-85,-85,-91,-91,-99,-82,-81,-87,1,9,real
-93,-98,-84,-87,-91,-91,-93,-86,-78,-87,1,9,real
-90,-94,-81,-88,-94,-87,-97,-82,-78,-89,1,9,real
-91,-95,-83,-87,-95,-92,-94,-80,-81,-86,1,9,real
-92,-91,-83,-86,-90,-92,-93,-85,-77,-87,1,9,real
-91,-96,-83,-89,-91,-91,-93,-80,-74,-85,3,9,real
-92,-88,-83,-84,-90,-90,-92,-78,-75,-84,3,9,real
-91,-91,-80,-87,-89,-87,-94,-80,-77,-89,3,9,real
-90,-92,-83,-87,-90,-88,-94,-82,-72,-84,3,9,real
-90,-93,-83,-87,-90,-89,-95,-84,-75,-82,3,9,real
-91,-92,-80,-89,-93,-91,-96,-83,-75,-82,3,9,real
-91,-91,-78,-88,-89,-91,-96,-82,-75,-83,3,9,real
-86,-93,-83,-87,-89,-90,-92,-86,-79,-84,3,9,real
-89,-95,-88,-86,-89,-93,-97,-83,-74,-85,3,9,real
-90,-98,-84,-89,-90,-91,-93,-84,-74,-82,3,9,real
-86,-90,-82,-92,-92,-90,-93,-79,-68,-78,5,9,real
-86,-89,-82,-88,-91,-88,-94,-80,-69,-82,5,9,real
-87,-90,-80,-88,-91,-89,-94,-80,-66,-82,5,9,real
-90,-85,-82,-88,-85,-91,-92,-83,-65,-77,5,9,real
-92,-87,-83,-90,-85,-92,-91,-82,-66,-78,5,9,real
-89,-94,-85,-86,-88,-92,-95,-83,-70,-79,5,9,real
-91,-91,-83,-87,-83,-94,-90,-79,-67,-79,5,9,real
-91,-89,-80,-87,-86,-92,-96,-81,-63,-82,5,9,real
-92,-89,-85,-90,-88,-94,-95,-80,-68,-82,5,9,real
-91,-88,-83,-89,-87,-95,-92,-80,-67,-77,5,9,real
-92,-84,-84,-90,-85,-93,-88,-85,-67,-73,7,9,real
-91,-85,-81,-90,-83,-95,-89,-83,-64,-76,7,9,real
-93,-86,-89,-90,-83,-92,-87,-81,-66,-75,7,9,real
-90,-90,-86,-91,-89,-92,-91,-86,-64,-74,7,9,real
-89,-87,-83,-88,-84,-94,-90,-81,-66,-71,7,9,real
-90,-87,-86,-89,-88,-93,-93,-83,-63,-74,7,9,real
-94,-83,-84,-91,-84,-92,-92,-83,-66,-76,7,9,real
-91,-89,-84,-88,-84,-91,-90,-84,-63,-78,7,9,real
-91,-89,-82,-88,-84,-90,-92,-82,-65,-73,7,9,real
-90,-87,-83,-88,-86,-92,-93,-88,-65,-74,7,9,real
-89,-87,-88,-96,-79,-96,-85,-84,-76,-76,9,9,real
-89,-85,-87,-92,-86,-98,-87,-87,-75,-72,9,9,real
-87,-84,-87,-90,-85,-93,-87,-84,-78,-75,9,9,real
-91,-83,-86,-88,-83,-95,-86,-85,-71,-73,9,9,real
-92,-86,-90,-90,-80,-90,-86,-83,-75,-76,9,9,real
-88,-82,-87,-91,-82,-91,-85,-84,-72,-72,9,9,real
-91,-82,-90,-89,-85,-93,-90,-84,-74,-77,9,9,real
-89,-84,-85,-91,-81,-96,-89,-86,-72,-70,9,9,real
-91,-81,-91,-94,-84,-96,-91,-85,-74,-73,9,9,real
-88,-83,-86,-91,-85,-91,-89,-87,-74,-75,9,9,real
-91,-78,-88,-95,-81,-93,-84,-84,-78,-74,11,9,real
-93,-77,-89,-94,-80,-93,-84,-90,-79,-78,11,9,real
-90,-79,-90,-91,-82,-91,-89,-89,-79,-75,11,9,real
-90,-79,-88,-93,-78,-93,-83,-90,-80,-77,11,9,real
-92,-78,-90,-92,-83,-92,-87,-88,-78,-78,11,9,real
-89,-81,-86,-93,-82,-96,-84,-89,-82,-77,11,9,real
-93,-75,-90,-91,-80,-97,-85,-86,-80,-74,11,9,real
-88,-77,-90,-95,-82,-95,-84,-92,-80,-76,11,9,real
-91,-76,-88,-90,-81,-93,-82,-85,-82,-77,11,9,real
-91,-78,-88,-95,-80,-99,-82,-89,-80,-77,11,9,real
-89,-80,-91,-95,-81,-93,-84,-89,-84,-78,13,9,real
-93,-76,-89,-94,-83,-97,-81,-89,-86,-87,13,9,real
-90,-77,-95,-100,-79,-96,-83,-88,-83,-78,13,9,real
-94,-74,-95,-95,-81,-95,-82,-89,-83,-76,13,9,real
-92,-76,-91,-96,-77,-97,-83,-91,-83,-81,13,9,real
-93,-71,-93,-95,-79,-100,-81,-93,-83,-83,13,9,real
-90,-72,-90,-94,-81,-97,-79,-92,-87,-79,13,9,real
-93,-76,-94,-96,-81,-96,-80,-89,-85,-81,13,9,real
-90,-72,-91,-96,-82,-99,-81,-89,-83,-81,13,9,real
-88,-75,-89,-95,-82,-95,-81,-90,-84,-81,13,9,real
-88,-70,-92,-96,-80,-97,-80,-93,-88,-91,15,9,real
-92,-73,-90,-96,-85,-98,-82,-92,-87,-83,15,9,real
-94,-72,-96,-95,-81,-97,-80,-92,-85,-85,15,9,real
-92,-75,-95,-96,-80,-98,-80,-93,-89,-84,15,9,real
-96,-70,-95,-95,-85,-96,-78,-92,-90,-84,15,9,real
-95,-73,-91,-95,-82,-100,-78,-93,-93,-83,15,9,real
-93,-70,-96,-102,-82,-97,-83,-95,-82,-85,15,9,real
-91,-74,-98,-96,-83,-98,-80,-92,-88,-87,15,9,real
-92,-76,-97,-95,-81,-98,-83,-94,-89,-88,15,9,real
-94,-71,-91,-97,-81,-101,-78,-94,-87,-85,15,9,real
-91,-78,-94,-98,-85,-99,-81,-95,-91,-87,17,9,real
-94,-74,-93,-100,-83,-101,-78,-93,-95,-88,17,9,real
-95,-77,-92,-99,-86,-99,-78,-95,-88,-87,17,9,real
-98,-77,-96,-97,-90,-94,-78,-94,-88,-83,17,9,real
-92,-74,-95,-98,-86,-100,-80,-97,-91,-91,17,9,real
-94,-76,-95,-99,-79,-96,-81,-94,-92,-90,17,9,real
-97,-75,-97,-96,-83,-96,-81,-94,-89,-89,17,9,real
-95,-73,-95,-96,-86,-101,-80,-95,-93,-88,17,9,real
-97,-78,-94,-96,-86,-101,-81,-95,-89,-86,17,9,real
-95,-78,-95,-99,-86,-96,-77,-94,-93,-87,17,9,real
-93,-81,-94,-96,-84,-99,-79,-93,-92,-92,19,9,real
-96,-80,-99,-99,-85,-104,-77,-94,-94,-89,19,9,real
-95,-78,-95,-102,-86,-100,-80,-98,-90,-88,19,9,real
-97,-83,-98,-98,-87,-98,-79,-94,-92,-93,19,9,real
-96,-78,-97,-98,-88,-102,-81,-96,-94,-91,19,9,real
-97,-78,-97,-96,-84,-100,-83,-100,-96,-93,19,9,real
-93,-80,-96,-103,-90,-98,-80,-97,-92,-87,19,9,real
-96,-80,-96,-94,-92,-99,-81,-95,-94,-91,19,9,real
-94,-74,-95,-101,-88,-101,-84,-97,-92,-93,19,9,real
-93,-79,-98,-99,-84,-99,-80,-97,-93,-92,19,9,real
-94,-90,-86,-82,-91,-88,-97,-89,-75,-91,1,11,real
-92,-95,-84,-83,-94,-84,-95,-85,-79,-83,1,11,real
-85,-95,-83,-82,-90,-90,-97,-88,-78,-86,1,11,real
-94,-94,-84,-83,-90,-86,-96,-86,-82,-91,1,11,real
-88,-94,-87,-84,-92,-85,-98,-89,-78,-89,1,11,real
-90,-91,-87,-82,-94,-87,-96,-89,-80,-88,1,11,real
-90,-92,-86,-80,-93,-87,-97,-88,-78,-84,1,11,real
-90,-93,-86,-84,-95,-88,-100,-82,-80,-89,1,11,real
-88,-96,-88,-83,-89,-86,-96,-86,-79,-88,1,11,real
-92,-94,-89,-83,-92,-82,-97,-89,-80,-87,1,11,real
-85,-93,-89,-82,-92,-88,-96,-85,-72,-87,3,11,real
-89,-92,-86,-83,-88,-86,-95,-84,-76,-86,3,11,real
-87,-90,-87,-85,-90,-87,-93,-86,-71,-85,3,11,real
-88,-92,-85,-83,-84,-89,-94,-86,-75,-86,3,11,real
-88,-86,-86,-86,-88,-92,-95,-85,-72,-84,3,11,real
-89,-92,-88,-86,-88,-90,-96,-87,-72,-82,3,11,real
-91,-95,-86,-84,-88,-88,-96,-84,-71,-90,3,11,real
-89,-91,-88,-80,-90,-88,-94,-86,-77,-87,3,11,real
-86,-92,-88,-82,-89,-89,-95,-84,-68,-84,3,11,real
-86,-93,-88,-83,-89,-90,-96,-84,-72,-85,3,11,real
-86,-90,-87,-88,-82,-89,-94,-87,-54,-85,5,11,real
-88,-88,-85,-83,-82,-88,-96,-86,-59,-79,5,11,real
-90,-87,-86,-83,-86,-90,-92,-84,-58,-83,5,11,real
-88,-92,-85,-84,-88,-90,-95,-88,-61,-85,5,11,real
-88,-90,-90,-81,-83,-90,-93,-84,-57,-85,5,11,real
-85,-90,-89,-84,-83,-84,-96,-84,-60,-81,5,11,real
-90,-91,-88,-85,-87,-87,-92,-84,-56,-82,5,11,real
-89,-86,-88,-83,-83,-88,-97,-87,-57,-83,5,11,real
-87,-87,-85,-85,-86,-89,-92,-84,-60,-81,5,11,real
-87,-91,-88,-87,-86,-86,-95,-85,-61,-84,5,11,real
-89,-86,-88,-86,-82,-93,-90,-86,-57,-81,7,11,real
-87,-85,-87,-91,-83,-91,-91,-84,-59,-82,7,11,real
-87,-87,-88,-86,-84,-89,-95,-88,-58,-77,7,11,real
-87,-90,-92,-87,-81,-90,-91,-84,-59,-79,7,11,real
-90,-88,-91,-88,-82,-90,-92,-88,-58,-84,7,11,real
-84,-86,-89,-84,-85,-93,-94,-87,-57,-79,7,11,real
-81,-90,-86,-88,-83,-92,-94,-83,-56,-81,7,11,real
-84,-89,-90,-92,-83,-90,-91,-86,-61,-79,7,11,real
-86,-84,-91,-87,-84,-91,-91,-86,-59,-81,7,11,real
-89,-83,-88,-85,-83,-91,-93,-85,-59,-80,7,11,real
-87,-86,-90,-92,-78,-94,-88,-88,-73,-79,9,11,real
-85,-82,-91,-93,-79,-93,-89,-89,-71,-81,9,11,real
-87,-79,-88,-90,-79,-93,-91,-89,-71,-81,9,11,real
-89,-78,-89,-92,-79,-92,-86,-90,-70,-77,9,11,real
-88,-82,-91,-90,-78,-91,-88,-90,-76,-80,9,11,real
-86,-81,-90,-89,-75,-91,-90,-89,-73,-77,9,11,real
-87,-82,-90,-87,-74,-91,-90,-88,-77,-79,9,11,real
-86,-81,-91,-90,-79,-90,-90,-84,-71,-83,9,11,real
-87,-83,-94,-86,-76,-91,-89,-91,-73,-79,9,11,real
-89,-87,-90,-90,-78,-91,-88,-88,-70,-83,9,11,real
-87,-74,-93,-95,-75,-95,-86,-91,-81,-83,11,11,real
-85,-76,-91,-92,-71,-95,-85,-90,-80,-76,11,11,real
-90,-76,-93,-90,-71,-90,-85,-90,-80,-85,11,11,real
-83,-75,-92,-89,-76,-93,-88,-89,-80,-84,11,11,real
-87,-74,-91,-90,-76,-94,-89,-88,-79,-80,11,11,real
-85,-74,-90,-94,-74,-95,-88,-91,-81,-85,11,11,real
-89,-75,-94,-92,-70,-92,-84,-89,-77,-83,11,11,real
-89,-81,-89,-89,-75,-94,-89,-89,-77,-85,11,11,real
-87,-76,-91,-91,-74,-94,-88,-88,-79,-81,11,11,real
-90,-76,-89,-92,-73,-90,-86,-90,-81,-87,11,11,real
-89,-67,-92,-94,-75,-99,-88,-91,-81,-84,13,11,real
-88,-64,-94,-93,-75,-93,-85,-91,-86,-83,13,11,real
-85,-68,-93,-93,-72,-96,-91,-89,-83,-87,13,11,real
-90,-63,-90,-92,-74,-95,-86,-90,-86,-86,13,11,real
-87,-66,-90,-95,-74,-97,-86,-95,-85,-87,13,11,real
-88,-65,-96,-91,-69,-95,-87,-86,-87,-84,13,11,real
-89,-63,-92,-95,-76,-96,-88,-92,-85,-87,13,11,real
-87,-67,-95,-94,-74,-99,-85,-94,-81,-83,13,11,real
-90,-68,-93,-92,-74,-96,-86,-93,-85,-88,13,11,real
-87,-66,-94,-90,-74,-97,-84,-91,-83,-85,13,11,real
-90,-58,-93,-99,-79,-93,-86,-95,-89,-89,15,11,real
-95,-58,-94,-95,-78,-97,-82,-94,-89,-87,15,11,real
-90,-55,-96,-95,-77,-99,-84,-97,-91,-86,15,11,real
-91,-57,-94,-97,-78,-99,-82,-96,-88,-89,15,11,real
-90,-58,-95,-94,-78,-96,-86,-96,-88,-87,15,11,real
-89,-58,-94,-99,-74,-97,-83,-95,-87,-89,15,11,real
-90,-58,-94,-94,-80,-98,-83,-89,-88,-85,15,11,real
-91,-54,-98,-95,-81,-102,-84,-93,-88,-87,15,11,real
-85,-58,-93,-97,-77,-97,-85,-90,-85,-86,15,11,real
-95,-58,-89,-96,-75,-94,-84,-95,-93,-85,15,11,real
-94,-70,-98,-97,-82,-98,-86,-93,-92,-93,17,11,real
-93,-70,-96,-94,-82,-98,-86,-94,-90,-90,17,11,real
-96,-67,-98,-98,-81,-100,-87,-100,-89,-90,17,11,real
-87,-72,-98,-98,-82,-99,-83,-97,-93,-93,17,11,real
-97,-71,-97,-98,-80,-96,-85,-99,-92,-90,17,11,real
-94,-72,-97,-98,-83,-98,-83,-97,-88,-91,17,11,real
-96,-69,-98,-96,-87,-95,-83,-98,-94,-86,17,11,real
-94,-72,-100,-98,-82,-97,-87,-98,-90,-87,17,11,real
-96,-68,-96,-95,-82,-103,-84,-93,-92,-90,17,11,real
-93,-76,-93,-99,-81,-98,-81,-95,-91,-91,17,11,real
-93,-82,-96,-101,-83,-99,-83,-97,-97,-93,19,11,real
-93,-78,-95,-98,-88,-101,-84,-101,-90,-91,19,11,real
-92,-81,-95,-94,-88,-98,-85,-100,-92,-90,19,11,real
-95,-76,-101,-101,-85,-99,-86,-95,-92,-90,19,11,real
-94,-77,-98,-94,-87,-95,-85,-100,-90,-91,19,11,real
-92,-76,-97,-100,-84,-99,-83,-101,-92,-93,19,11,real
-91,-77,-97,-97,-88,-96,-81,-96,-90,-93,19,11,real
-96,-78,-97,-99,-85,-99,-87,-96,-91,-91,19,11,real
-92,-81,-96,-101,-88,-101,-87,-98,-93,-90,19,11,real
-95,-81,-95,-100,-86,-99,-84,-95,-92,-93,19,11,real
-83,-93,-90,-76,-90,-82,-93,-90,-82,-90,1,13,real
-86,-97,-93,-79,-94,-84,-97,-91,-84,-90,1,13,real
-86,-97,-88,-76,-89,-81,-93,-90,-81,-91,1,13,real
-88,-91,-92,-79,-88,-81,-98,-87,-81,-87,1,13,real
-88,-92,-84,-76,-91,-82,-98,-84,-81,-91,1,13,real
-89,-92,-88,-79,-90,-86,-97,-88,-78,-92,1,13,real
-90,-96,-92,-75,-88,-83,-95,-89,-82,-91,1,13,real
-88,-97,-89,-78,-89,-83,-98,-91,-81,-89,1,13,real
-90,-94,-89,-79,-92,-83,-100,-88,-83,-88,1,13,real
-83,-96,-88,-79,-89,-86,-97,-91,-82,-92,1,13,real
-84,-93,-88,-79,-88,-84,-98,-88,-73,-90,3,13,real
-83,-89,-91,-82,-87,-85,-92,-88,-78,-90,3,13,real
-83,-93,-89,-77,-89,-84,-96,-87,-75,-89,3,13,real
-85,-92,-92,-78,-84,-86,-98,-90,-75,-87,3,13,real
-86,-93,-89,-82,-88,-82,-99,-92,-73,-89,3,13,real
-83,-92,-90,-78,-90,-84,-97,-91,-76,-89,3,13,real
-86,-94,-86,-77,-86,-85,-100,-85,-77,-90,3,13,real
-85,-89,-89,-76,-86,-86,-98,-87,-82,-88,3,13,real
-88,-93,-90,-80,-89,-86,-92,-85,-79,-85,3,13,real
-86,-91,-89,-80,-86,-84,-97,-91,-78,-91,3,13,real
-83,-91,-90,-79,-82,-86,-95,-85,-70,-87,5,13,real
-86,-88,-88,-83,-84,-87,-95,-94,-72,-84,5,13,real
-85,-89,-91,-81,-85,-88,-92,-87,-72,-85,5,13,real
-82,-88,-93,-80,-86,-87,-89,-88,-72,-91,5,13,real
-81,-92,-91,-82,-82,-85,-95,-88,-72,-86,5,13,real
-83,-87,-88,-81,-85,-85,-95,-91,-72,-86,5,13,real
-82,-89,-92,-82,-84,-86,-93,-87,-72,-88,5,13,real
-85,-88,-87,-82,-85,-83,-94,-88,-74,-85,5,13,real
-85,-91,-90,-83,-85,-89,-93,-86,-75,-84,5,13,real
-85,-87,-90,-82,-85,-84,-97,-87,-69,-85,5,13,real
-78,-87,-88,-85,-78,-88,-94,-87,-72,-88,7,13,real
-83,-85,-87,-85,-77,-91,-94,-90,-71,-85,7,13,real
-81,-87,-90,-85,-82,-88,-93,-90,-71,-85,7,13,real
-83,-83,-93,-86,-75,-90,-96,-88,-75,-86,7,13,real
-78,-89,-94,-88,-78,-86,-94,-88,-68,-82,7,13,real
-83,-90,-92,-86,-81,-89,-91,-87,-71,-83,7,13,real
-82,-86,-88,-85,-76,-91,-94,-90,-70,-83,7,13,real
-82,-89,-89,-83,-84,-88,-96,-91,-73,-83,7,13,real
-82,-88,-88,-88,-79,-90,-94,-88,-70,-82,7,13,real
-82,-85,-91,-85,-79,-88,-97,-89,-70,-86,7,13,real
-85,-79,-90,-88,-76,-92,-89,-90,-77,-84,9,13,real
-84,-79,-89,-89,-75,-96,-94,-93,-76,-85,9,13,real
-85,-82,-90,-87,-77,-91,-94,-89,-74,-87,9,13,real
-84,-83,-96,-87,-74,-88,-94,-92,-79,-87,9,13,real
-85,-80,-93,-88,-74,-93,-92,-89,-78,-83,9,13,real
-84,-83,-90,-89,-74,-91,-91,-95,-80,-84,9,13,real
-81,-83,-92,-87,-72,-94,-93,-91,-75,-80,9,13,real
-83,-84,-91,-85,-73,-92,-90,-89,-78,-84,9,13,real
-81,-79,-91,-89,-71,-93,-91,-93,-74,-85,9,13,real
-80,-81,-94,-85,-70,-89,-93,-91,-76,-86,9,13,real
-81,-75,-98,-90,-64,-93,-91,-90,-79,-85,11,13,real
-85,-76,-93,-92,-62,-91,-87,-89,-82,-84,11,13,real
-86,-74,-94,-92,-63,-98,-93,-92,-81,-86,11,13,real
-87,-77,-92,-89,-63,-90,-89,-93,-82,-88,11,13,real
-85,-74,-91,-88,-64,-90,-90,-89,-81,-84,11,13,real
-81,-76,-92,-88,-63,-95,-86,-93,-81,-83,11,13,real
-86,-78,-92,-94,-64,-92,-91,-95,-78,-85,11,13,real
-81,-76,-94,-90,-64,-95,-87,-93,-85,-83,11,13,real
-85,-77,-96,-87,-66,-92,-88,-91,-81,-89,11,13,real
-86,-75,-94,-90,-62,-90,-92,-87,-80,-85,11,13,real
-84,-62,-97,-93,-68,-94,-88,-93,-86,-91,13,13,real
-86,-63,-95,-92,-66,-93,-89,-95,-87,-88,13,13,real
-86,-69,-95,-93,-65,-91,-90,-95,-87,-83,13,13,real
-85,-68,-92,-92,-62,-95,-90,-93,-86,-83,13,13,real
-89,-63,-94,-92,-61,-96,-87,-99,-87,-89,13,13,real
-89,-67,-93,-91,-62,-96,-88,-93,-83,-85,13,13,real
-86,-68,-95,-94,-64,-94,-87,-93,-85,-87,13,13,real
-88,-68,-98,-94,-62,-96,-89,-92,-84,-89,13,13,real
-85,-64,-96,-94,-61,-95,-93,-96,-86,-89,13,13,real
-87,-66,-91,-93,-61,-91,-86,-93,-89,-86,13,13,real
-87,-58,-92,-93,-72,-94,-87,-100,-89,-86,15,13,real
-90,-59,-98,-91,-70,-98,-87,-96,-87,-88,15,13,real
-87,-58,-90,-97,-77,-97,-91,-98,-90,-91,15,13,real
-91,-57,-97,-95,-72,-97,-88,-94,-92,-94,15,13,real
-88,-57,-91,-94,-72,-96,-87,-91,-93,-88,15,13,real
-85,-58,-92,-96,-73,-96,-92,-97,-91,-87,15,13,real
-87,-58,-94,-95,-71,-96,-88,-95,-87,-90,15,13,real
-87,-61,-98,-93,-74,-97,-86,-96,-89,-86,15,13,real
-86,-55,-96,-92,-75,-98,-92,-91,-90,-89,15,13,real
-91,-57,-96,-97,-73,-99,-89,-99,-91,-88,15,13,real
-95,-73,-97,-97,-76,-94,-89,-95,-89,-92,17,13,real
-94,-70,-97,-97,-79,-99,-90,-96,-90,-93,17,13,real
-89,-74,-98,-97,-81,-99,-84,-98,-86,-90,17,13,real
-91,-69,-92,-98,-82,-99,-87,-100,-91,-87,17,13,real
-91,-71,-98,-95,-82,-94,-84,-96,-91,-89,17,13,real
-89,-72,-98,-99,-79,-96,-90,-97,-94,-93,17,13,real
-90,-72,-97,-100,-80,-98,-89,-97,-91,-92,17,13,real
-94,-67,-98,-97,-78,-90,-90,-95,-92,-92,17,13,real
-92,-73,-97,-99,-78,-97,-87,-97,-92,-90,17,13,real
-93,-71,-99,-98,-84,-95,-89,-94,-89,-93,17,13,real
-95,-73,-95,-98,-84,-100,-87,-99,-97,-95,19,13,real
-93,-80,-98,-100,-86,-97,-88,-98,-91,-92,19,13,real
-90,-79,-99,-101,-85,-97,-85,-96,-97,-90,19,13,real
-97,-76,-99,-97,-87,-97,-91,-99,-95,-96,19,13,real
-93,-75,-93,-98,-82,-98,-87,-98,-93,-92,19,13,real
-94,-78,-98,-96,-87,-99,-84,-95,-91,-93,19,13,real
-92,-76,-95,-102,-87,-96,-89,-99,-96,-94,19,13,real
-96,-74,-98,-98,-83,-97,-86,-95,-95,-93,19,13,real
-92,-79,-98,-97,-83,-102,-87,-98,-92,-91,19,13,real
-90,-75,-95,-95,-84,-99,-86,-96,-94,-92,19,13,real
-86,-96,-89,-69,-87,-81,-100,-91,-82,-91,1,15,real
-85,-96,-94,-68,-94,-79,-97,-93,-81,-89,1,15,real
-89,-96,-97,-71,-89,-79,-97,-95,-82,-93,1,15,real
-86,-94,-95,-71,-89,-77,-96,-91,-84,-95,1,15,real
-86,-94,-88,-68,-88,-77,-100,-91,-84,-94,1,15,real
-86,-95,-89,-73,-88,-80,-101,-89,-83,-89,1,15,real
-84,-90,-91,-69,-90,-76,-100,-93,-85,-96,1,15,real
-85,-98,-92,-67,-92,-75,-101,-89,-83,-95,1,15,real
-80,-94,-94,-72,-91,-78,-98,-92,-83,-93,1,15,real
-89,-94,-97,-68,-93,-78,-96,-93,-82,-93,1,15,real
-79,-93,-94,-71,-89,-82,-98,-91,-78,-94,3,15,real
-82,-91,-91,-70,-88,-80,-96,-91,-82,-89,3,15,real
-84,-93,-93,-70,-94,-79,-97,-95,-80,-89,3,15,real
-81,-97,-89,-74,-87,-78,-99,-90,-82,-95,3,15,real
-80,-94,-94,-73,-87,-80,-96,-94,-82,-91,3,15,real
-78,-92,-90,-72,-89,-80,-97,-90,-78,-90,3,15,real
-80,-94,-93,-74,-87,-81,-96,-93,-81,-89,3,15,real
-86,-88,-92,-76,-88,-80,-97,-89,-79,-90,3,15,real
-81,-92,-88,-75,-88,-80,-96,-93,-84,-90,3,15,real
-82,-89,-94,-70,-83,-81,-100,-92,-81,-89,3,15,real
-80,-86,-94,-82,-82,-88,-96,-85,-79,-91,5,15,real
-79,-90,-92,-77,-87,-80,-95,-90,-80,-87,5,15,real
-79,-89,-94,-80,-83,-84,-98,-93,-77,-90,5,15,real
-79,-90,-96,-81,-84,-85,-94,-89,-77,-86,5,15,real
-79,-88,-93,-73,-81,-83,-95,-89,-79,-91,5,15,real
-77,-89,-92,-80,-88,-83,-94,-92,-76,-91,5,15,real
-81,-90,-92,-77,-86,-80,-92,-91,-76,-91,5,15,real
-77,-87,-90,-78,-90,-84,-97,-93,-78,-90,5,15,real
-81,-92,-93,-76,-86,-84,-97,-91,-78,-95,5,15,real
-77,-87,-94,-80,-85,-85,-95,-95,-81,-86,5,15,real
-79,-84,-92,-87,-79,-86,-95,-91,-78,-87,7,15,real
-74,-86,-95,-84,-74,-85,-90,-89,-78,-88,7,15,real
-77,-90,-92,-80,-81,-85,-93,-94,-79,-90,7,15,real
-78,-89,-94,-80,-82,-86,-96,-89,-76,-87,7,15,real
-76,-87,-95,-79,-81,-85,-92,-93,-76,-87,7,15,real
-73,-88,-95,-84,-80,-86,-95,-96,-78,-84,7,15,real
-76,-85,-91,-82,-78,-85,-95,-93,-79,-88,7,15,real
-77,-86,-92,-81,-77,-86,-97,-92,-78,-92,7,15,real
-74,-86,-92,-80,-81,-85,-95,-92,-80,-85,7,15,real
-77,-85,-96,-81,-78,-86,-95,-91,-74,-92,7,15,real
-76,-85,-93,-87,-74,-89,-96,-91,-84,-87,9,15,real
-78,-85,-93,-90,-73,-92,-92,-94,-82,-88,9,15,real
-79,-83,-96,-85,-70,-83,-93,-91,-84,-85,9,15,real
-76,-84,-91,-87,-74,-88,-95,-91,-83,-90,9,15,real
-79,-82,-95,-89,-74,-89,-96,-95,-76,-90,9,15,real
-78,-84,-94,-85,-71,-90,-96,-90,-81,-85,9,15,real
-82,-83,-90,-87,-74,-88,-94,-93,-81,-89,9,15,real
-75,-82,-93,-85,-74,-90,-94,-93,-83,-89,9,15,real
-79,-79,-99,-87,-70,-89,-92,-92,-82,-93,9,15,real
-77,-85,-95,-88,-70,-84,-93,-94,-83,-87,9,15,real
-77,-79,-99,-88,-59,-94,-92,-93,-84,-90,11,15,real
-79,-80,-97,-94,-59,-90,-92,-95,-85,-91,11,15,real
-81,-83,-96,-90,-60,-91,-91,-91,-82,-88,11,15,real
-81,-81,-93,-86,-60,-87,-95,-96,-82,-88,11,15,real
-78,-79,-96,-90,-64,-94,-90,-92,-83,-92,11,15,real
-81,-81,-92,-91,-63,-91,-93,-91,-85,-91,11,15,real
-85,-79,-96,-92,-59,-90,-92,-91,-82,-90,11,15,real
-83,-77,-94,-89,-63,-90,-94,-94,-81,-90,11,15,real
-84,-81,-92,-89,-61,-92,-91,-95,-83,-90,11,15,real
-82,-80,-95,-90,-61,-99,-94,-94,-81,-91,11,15,real
-84,-71,-98,-91,-62,-94,-93,-96,-81,-88,13,15,real
-82,-73,-99,-91,-59,-95,-89,-93,-83,-90,13,15,real
-86,-75,-93,-96,-65,-93,-92,-95,-85,-91,13,15,real
-88,-70,-98,-94,-58,-94,-91,-94,-85,-90,13,15,real
-81,-79,-94,-94,-58,-93,-93,-93,-85,-88,13,15,real
-86,-75,-96,-92,-59,-97,-91,-95,-88,-91,13,15,real
-84,-82,-97,-94,-60,-95,-92,-92,-85,-88,13,15,real
-85,-73,-96,-92,-60,-95,-88,-95,-85,-87,13,15,real
-82,-77,-95,-90,-59,-96,-93,-93,-88,-90,13,15,real
-81,-75,-97,-94,-60,-96,-92,-94,-84,-88,13,15,real
-89,-70,-97,-97,-73,-92,-90,-96,-86,-94,15,15,real
-90,-76,-96,-94,-70,-95,-91,-96,-89,-94,15,15,real
-82,-72,-96,-93,-72,-96,-92,-95,-89,-93,15,15,real
-84,-72,-95,-91,-73,-95,-89,-97,-89,-91,15,15,real
-89,-68,-99,-97,-70,-94,-93,-95,-86,-91,15,15,real
-82,-76,-95,-92,-71,-96,-91,-95,-88,-90,15,15,real
-85,-75,-97,-96,-74,-93,-90,-91,-89,-91,15,15,real
-87,-74,-97,-92,-73,-97,-92,-97,-89,-89,15,15,real
-90,-73,-96,-98,-75,-97,-92,-96,-90,-92,15,15,real
-86,-69,-93,-98,-72,-96,-90,-97,-89,-91,15,15,real
-91,-78,-99,-96,-79,-95,-91,-97,-90,-90,17,15,real
-90,-76,-97,-98,-80,-95,-89,-98,-91,-94,17,15,real
-88,-76,-98,-97,-80,-98,-89,-98,-89,-90,17,15,real
-92,-76,-99,-97,-76,-98,-90,-96,-94,-94,17,15,real
-92,-78,-104,-95,-76,-97,-93,-99,-93,-94,17,15,real
-88,-74,-100,-95,-77,-93,-85,-99,-86,-93,17,15,real
-91,-75,-99,-95,-82,-97,-88,-97,-91,-91,17,15,real
-88,-79,-97,-97,-79,-95,-93,-99,-96,-94,17,15,real
-87,-76,-101,-97,-83,-99,-90,-100,-90,-93,17,15,real
-90,-77,-96,-94,-79,-96,-91,-96,-92,-92,17,15,real
-93,-81,-100,-97,-82,-96,-93,-96,-94,-93,19,15,real
-94,-80,-98,-101,-83,-96,-91,-96,-94,-92,19,15,real
-97,-76,-96,-98,-88,-98,-94,-98,-93,-96,19,15,real
-90,-79,-97,-98,-87,-97,-91,-101,-91,-90,19,15,real
-92,-76,-99,-98,-86,-95,-92,-97,-95,-95,19,15,real
-90,-81,-100,-95,-81,-97,-92,-99,-94,-93,19,15,real
-94,-79,-99,-101,-86,-99,-91,-95,-93,-96,19,15,real
-92,-81,-98,-96,-82,-99,-87,-97,-95,-90,19,15,real
-92,-82,-96,-93,-85,-99,-91,-97,-91,-93,19,15,real
-92,-78,-100,-96,-85,-98,-91,-99,-95,-91,19,15,real
-85,-96,-90,-55,-96,-71,-103,-96,-93,-94,1,17,real
-86,-95,-97,-57,-92,-67,-96,-92,-87,-90,1,17,real
-87,-97,-94,-53,-92,-70,-102,-92,-85,-92,1,17,real
-85,-96,-97,-57,-93,-72,-100,-95,-88,-93,1,17,real
-84,-95,-94,-59,-91,-69,-102,-92,-88,-93,1,17,real
-82,-93,-94,-58,-89,-68,-100,-95,-91,-93,1,17,real
-84,-92,-93,-54,-93,-68,-100,-92,-90,-93,1,17,real
-88,-95,-93,-58,-93,-68,-99,-95,-87,-88,1,17,real
-82,-92,-93,-57,-96,-71,-100,-97,-89,-98,1,17,real
-84,-93,-92,-56,-93,-74,-103,-96,-88,-94,1,17,real
-81,-92,-94,-66,-86,-77,-97,-93,-85,-91,3,17,real
-78,-95,-94,-65,-89,-74,-98,-90,-88,-93,3,17,real
-81,-92,-97,-65,-90,-76,-101,-94,-83,-93,3,17,real
-78,-89,-93,-67,-88,-76,-99,-96,-83,-93,3,17,real
-79,-95,-93,-67,-89,-73,-97,-93,-88,-87,3,17,real
-76,-91,-96,-66,-90,-72,-98,-95,-86,-90,3,17,real
-76,-90,-92,-66,-95,-74,-98,-93,-85,-95,3,17,real
-78,-91,-93,-64,-87,-76,-98,-93,-85,-91,3,17,real
-78,-89,-90,-66,-96,-72,-99,-95,-86,-93,3,17,real
-78,-96,-96,-65,-87,-74,-100,-95,-86,-92,3,17,real
-70,-95,-95,-79,-89,-78,-96,-93,-82,-93,5,17,real
-74,-86,-95,-75,-85,-84,-101,-95,-81,-90,5,17,real
-72,-93,-91,-78,-85,-80,-97,-91,-85,-94,5,17,real
-73,-91,-87,-75,-86,-82,-101,-96,-83,-89,5,17,real
-71,-90,-95,-75,-87,-77,-97,-94,-88,-92,5,17,real
-72,-93,-96,-74,-88,-78,-98,-94,-86,-91,5,17,real
-69,-89,-96,-74,-86,-77,-95,-99,-86,-90,5,17,real
-73,-93,-95,-80,-86,-76,-95,-89,-82,-90,5,17,real
-69,-90,-95,-74,-83,-81,-99,-93,-82,-90,5,17,real
-76,-87,-95,-77,-87,-75,-97,-95,-82,-90,5,17,real
-68,-86,-96,-83,-86,-87,-92,-91,-83,-88,7,17,real
-68,-89,-94,-82,-82,-82,-96,-92,-81,-90,7,17,real
-69,-91,-94,-82,-82,-84,-91,-97,-87,-90,7,17,real
-68,-88,-93,-79,-85,-86,-95,-92,-79,-89,7,17,real
-67,-90,-96,-83,-80,-84,-99,-95,-82,-90,7,17,real
-66,-87,-91,-81,-82,-86,-95,-99,-84,-92,7,17,real
-70,-90,-93,-81,-81,-84,-96,-91,-83,-94,7,17,real
-64,-87,-96,-84,-81,-85,-93,-95,-85,-89,7,17,real
-65,-88,-93,-82,-81,-82,-95,-94,-81,-96,7,17,real
-63,-92,-96,-82,-82,-82,-98,-93,-85,-91,7,17,real
-70,-85,-96,-87,-76,-86,-96,-96,-83,-91,9,17,real
-68,-87,-99,-87,-79,-88,-96,-93,-85,-91,9,17,real
-70,-85,-95,-85,-79,-85,-95,-97,-84,-93,9,17,real
-69,-81,-97,-85,-81,-87,-97,-96,-87,-90,9,17,real
-68,-85,-97,-83,-79,-92,-94,-97,-83,-92,9,17,real
-69,-83,-98,-87,-77,-85,-96,-96,-84,-92,9,17,real
-70,-89,-91,-89,-78,-88,-91,-97,-81,-89,9,17,real
-69,-87,-94,-87,-75,-90,-95,-96,-87,-89,9,17,real
-69,-83,-99,-84,-72,-89,-91,-95,-87,-92,9,17,real
-68,-87,-96,-85,-77,-87,-94,-94,-86,-91,9,17,real
-79,-80,-97,-87,-73,-90,-95,-97,-90,-93,11,17,real
-77,-82,-94,-90,-74,-93,-93,-93,-84,-90,11,17,real
-75,-79,-95,-88,-73,-93,-95,-95,-86,-87,11,17,real
-77,-80,-97,-90,-75,-92,-93,-95,-85,-91,11,17,real
-77,-78,-96,-87,-73,-89,-92,-95,-91,-91,11,17,real
-74,-82,-95,-93,-74,-90,-93,-93,-87,-90,11,17,real
-77,-85,-100,-88,-72,-92,-97,-94,-87,-90,11,17,real
-73,-87,-97,-90,-70,-94,-90,-95,-87,-92,11,17,real
-78,-81,-98,-88,-73,-92,-89,-94,-85,-89,11,17,real
-80,-79,-101,-91,-74,-89,-94,-96,-87,-93,11,17,real
-85,-79,-95,-89,-74,-91,-94,-94,-87,-92,13,17,real
-83,-79,-96,-93,-75,-93,-90,-94,-91,-94,13,17,real
-79,-83,-96,-93,-69,-94,-91,-96,-88,-96,13,17,real
-86,-81,-96,-94,-75,-92,-92,-97,-87,-94,13,17,real
-83,-77,-97,-92,-68,-96,-92,-93,-89,-90,13,17,real
-84,-82,-96,-90,-70,-90,-94,-94,-89,-90,13,17,real
-82,-80,-96,-95,-75,-93,-97,-95,-87,-91,13,17,real
-84,-78,-93,-91,-72,-92,-92,-96,-89,-90,13,17,real
-77,-83,-97,-94,-69,-94,-96,-95,-85,-91,13,17,real
-82,-80,-94,-94,-73,-94,-96,-97,-86,-91,13,17,real
-85,-79,-97,-96,-78,-95,-92,-97,-91,-94,15,17,real
-80,-78,-97,-94,-78,-95,-92,-101,-94,-94,15,17,real
-85,-80,-95,-97,-78,-92,-93,-95,-87,-94,15,17,real
-86,-80,-102,-95,-75,-94,-92,-98,-92,-90,15,17,real
-87,-79,-98,-91,-75,-97,-95,-96,-91,-94,15,17,real
-84,-79,-98,-92,-78,-92,-95,-96,-88,-96,15,17,real
-87,-78,-96,-94,-78,-93,-91,-100,-93,-92,15,17,real
-85,-80,-96,-95,-81,-96,-93,-98,-93,-97,15,17,real
-87,-78,-95,-92,-79,-97,-92,-96,-90,-97,15,17,real
-88,-80,-97,-92,-77,-94,-93,-96,-90,-93,15,17,real
-90,-81,-98,-95,-81,-94,-92,-100,-91,-97,17,17,real
-91,-80,-98,-98,-82,-98,-94,-96,-91,-94,17,17,real
-90,-84,-96,-95,-83,-95,-93,-99,-92,-96,17,17,real
-90,-81,-100,-95,-78,-98,-96,-102,-93,-95,17,17,real
-89,-81,-102,-99,-81,-96,-94,-102,-92,-92,17,17,real
-88,-83,-99,-99,-79,-96,-96,-99,-92,-95,17,17,real
-90,-84,-98,-97,-86,-97,-91,-99,-89,-93,17,17,real
-88,-81,-99,-96,-82,-96,-95,-100,-95,-90,17,17,real
-88,-81,-101,-95,-82,-96,-95,-98,-94,-96,17,17,real
-88,-84,-98,-94,-83,-98,-93,-98,-93,-93,17,17,real
-88,-85,-103,-96,-82,-97,-95,-100,-97,-94,19,17,real
-94,-84,-102,-97,-86,-98,-93,-101,-93,-95,19,17,real
-94,-79,-99,-98,-83,-95,-93,-99,-97,-96,19,17,real
-92,-83,-99,-96,-85,-101,-95,-100,-95,-93,19,17,real
-94,-84,-98,-98,-85,-98,-93,-100,-93,-98,19,17,real
-92,-83,-99,-95,-86,-95,-94,-97,-93,-97,19,17,real
-91,-84,-99,-98,-86,-95,-93,-98,-95,-92,19,17,real
-93,-85,-97,-98,-82,-96,-93,-103,-95,-95,19,17,real
-89,-81,-101,-96,-84,-96,-92,-103,-95,-98,19,17,real
-92,-82,-99,-95,-85,-101,-98,-99,-95,-97,19,17,real
-87,-97,-96,-63,-92,-54,-102,-94,-89,-94,1,19,real
-84,-93,-95,-66,-92,-58,-99,-98,-89,-95,1,19,real
-83,-93,-94,-64,-92,-57,-99,-99,-90,-98,1,19,real
-81,-96,-96,-63,-91,-59,-100,-96,-93,-97,1,19,real
-84,-96,-99,-62,-92,-57,-99,-97,-88,-96,1,19,real
-85,-94,-93,-63,-90,-58,-103,-93,-85,-92,1,19,real
-84,-98,-98,-68,-92,-54,-100,-95,-87,-96,1,19,real
-79,-91,-96,-66,-91,-58,-102,-93,-87,-95,1,19,real
-86,-98,-96,-65,-93,-55,-99,-93,-91,-96,1,19,real
-82,-95,-93,-64,-88,-56,-98,-96,-89,-93,1,19,real
-75,-92,-96,-67,-94,-73,-98,-95,-87,-94,3,19,real
-77,-95,-95,-68,-87,-67,-99,-95,-91,-96,3,19,real
-79,-92,-97,-68,-90,-71,-99,-96,-89,-98,3,19,real
-79,-95,-97,-69,-88,-70,-97,-94,-89,-95,3,19,real
-78,-93,-93,-68,-91,-71,-98,-93,-86,-95,3,19,real
-81,-96,-95,-69,-92,-71,-98,-98,-86,-95,3,19,real
-76,-95,-98,-71,-90,-71,-100,-95,-88,-95,3,19,real
-82,-93,-96,-67,-92,-74,-98,-95,-90,-98,3,19,real
-75,-91,-101,-71,-86,-72,-100,-96,-90,-98,3,19,real
-76,-97,-95,-68,-93,-72,-97,-94,-89,-92,3,19,real
-67,-91,-98,-78,-87,-79,-96,-99,-90,-93,5,19,real
-71,-93,-100,-77,-87,-77,-98,-96,-85,-96,5,19,real
-69,-95,-98,-80,-86,-79,-98,-98,-88,-95,5,19,real
-69,-94,-93,-81,-89,-75,-99,-98,-87,-95,5,19,real
-72,-94,-90,-78,-91,-76,-97,-97,-89,-92,5,19,real
-70,-96,-92,-78,-84,-76,-100,-93,-89,-98,5,19,real
-71,-91,-97,-78,-85,-78,-100,-94,-87,-99,5,19,real
-69,-91,-96,-75,-89,-78,-101,-95,-83,-96,5,19,real
-71,-93,-96,-79,-86,-77,-97,-99,-85,-92,5,19,real
-68,-91,-96,-75,-83,-80,-96,-96,-88,-97,5,19,real
-58,-92,-97,-85,-85,-84,-97,-99,-90,-93,7,19,real
-59,-88,-96,-81,-82,-84,-99,-94,-86,-94,7,19,real
-54,-90,-96,-82,-86,-83,-95,-95,-87,-94,7,19,real
-56,-88,-95,-83,-84,-83,-99,-95,-92,-92,7,19,real
-56,-88,-97,-82,-82,-81,-97,-95,-85,-96,7,19,real
-58,-87,-94,-82,-87,-84,-99,-95,-89,-95,7,19,real
-61,-87,-97,-82,-84,-86,-100,-98,-89,-93,7,19,real
-59,-86,-94,-81,-85,-81,-98,-96,-87,-92,7,19,real
-56,-91,-97,-81,-83,-84,-101,-96,-86,-90,7,19,real
-60,-91,-97,-80,-84,-85,-96,-97,-90,-95,7,19,real
-59,-87,-97,-87,-81,-87,-96,-96,-86,-93,9,19,real
-65,-89,-101,-82,-80,-89,-97,-97,-85,-96,9,19,real
-63,-88,-95,-87,-85,-88,-98,-96,-85,-97,9,19,real
-64,-89,-98,-85,-82,-86,-98,-96,-86,-95,9,19,real
-61,-88,-95,-87,-81,-87,-97,-96,-87,-96,9,19,real
-60,-92,-98,-86,-81,-84,-100,-97,-92,-93,9,19,real
-62,-85,-97,-84,-80,-88,-99,-96,-91,-91,9,19,real
-63,-86,-98,-86,-81,-87,-97,-95,-90,-96,9,19,real
-60,-86,-97,-83,-82,-85,-96,-98,-84,-91,9,19,real
-63,-86,-98,-85,-86,-89,-95,-97,-87,-96,9,19,real
-71,-84,-98,-90,-77,-86,-94,-93,-91,-95,11,19,real
-77,-85,-97,-90,-78,-88,-99,-98,-88,-94,11,19,real
-76,-84,-100,-90,-79,-91,-94,-98,-86,-94,11,19,real
-73,-85,-99,-93,-79,-90,-95,-97,-90,-89,11,19,real
-78,-85,-99,-90,-80,-92,-95,-94,-88,-93,11,19,real
-77,-85,-93,-90,-80,-91,-97,-102,-88,-95,11,19,real
-78,-85,-100,-90,-77,-93,-99,-96,-87,-97,11,19,real
-74,-85,-102,-88,-78,-91,-93,-95,-89,-94,11,19,real
-77,-86,-96,-90,-84,-88,-95,-98,-87,-90,11,19,real
-80,-85,-100,-88,-79,-89,-97,-101,-90,-93,11,19,real
-79,-87,-96,-93,-79,-94,-95,-96,-93,-95,13,19,real
-81,-80,-100,-88,-75,-93,-96,-99,-91,-97,13,19,real
-81,-82,-99,-92,-83,-92,-95,-97,-91,-95,13,19,real
-80,-85,-98,-91,-77,-91,-95,-95,-90,-91,13,19,real
-80,-89,-96,-92,-80,-92,-96,-97,-92,-91,13,19,real
-81,-86,-100,-91,-79,-92,-97,-101,-89,-91,13,19,real
-83,-82,-98,-92,-80,-95,-93,-99,-92,-92,13,19,real
-85,-88,-98,-91,-79,-93,-90,-98,-91,-96,13,19,real
-81,-84,-96,-95,-80,-92,-94,-98,-90,-96,13,19,real
-78,-83,-101,-94,-82,-91,-98,-98,-90,-94,13,19,real
-85,-87,-98,-95,-82,-94,-95,-98,-94,-95,15,19,real
-85,-87,-100,-93,-84,-92,-92,-101,-90,-95,15,19,real
-85,-85,-97,-93,-83,-97,-98,-98,-91,-93,15,19,real
-86,-87,-100,-92,-82,-94,-97,-98,-93,-93,15,19,real
-84,-85,-99,-95,-84,-96,-95,-98,-92,-95,15,19,real
-84,-84,-98,-98,-89,-94,-98,-99,-93,-92,15,19,real
-85,-84,-97,-93,-82,-93,-97,-98,-95,-94,15,19,real
-85,-81,-102,-95,-80,-94,-95,-100,-94,-92,15,19,real
-85,-84,-99,-96,-80,-94,-90,-101,-91,-97,15,19,real
-85,-83,-103,-94,-83,-96,-94,-96,-93,-94,15,19,real
-88,-85,-102,-94,-84,-96,-96,-100,-94,-99,17,19,real
-92,-86,-99,-97,-86,-98,-96,-100,-90,-94,17,19,real
-87,-83,-102,-98,-86,-94,-96,-102,-95,-96,17,19,real
-88,-85,-102,-95,-86,-97,-93,-101,-95,-94,17,19,real
-90,-86,-99,-92,-83,-96,-94,-102,-94,-96,17,19,real
-88,-85,-99,-97,-84,-99,-96,-97,-93,-96,17,19,real
-85,-88,-102,-93,-84,-97,-97,-98,-93,-98,17,19,real
-89,-86,-99,-98,-82,-95,-96,-100,-94,-97,17,19,real
-90,-86,-97,-94,-82,-96,-97,-99,-92,-98,17,19,real
-87,-81,-98,-93,-84,-95,-96,-98,-93,-95,17,19,real
-89,-88,-101,-97,-89,-98,-98,-98,-95,-98,19,19,real
-93,-87,-99,-96,-89,-100,-94,-102,-95,-96,19,19,real
-91,-85,-103,-101,-88,-95,-91,-97,-96,-100,19,19,real
-96,-88,-101,-95,-85,-98,-97,-102,-95,-95,19,19,real
-91,-89,-99,-97,-89,-100,-94,-101,-92,-96,19,19,real
-92,-87,-101,-99,-89,-97,-93,-99,-92,-98,19,19,real
-88,-89,-103,-101,-88,-99,-94,-100,-98,-97,19,19,real
-92,-90,-103,-99,-84,-98,-94,-103,-93,-94,19,19,real
-95,-88,-100,-96,-88,-99,-96,-100,-93,-98,19,19,real
-89,-88,-102,-96,-85,-96,-98,-101,-94,-97,19,19,real
